{"cameraMode":{"drawMode":0,"name":"Shaded","section":"Shading Mode"},"sceneLighting":true,"audioPlay":false,"sceneViewState":{"showFog":true,"showMaterialUpdate":false,"showSkybox":true,"showFlares":true,"showImageEffects":true,"showParticleSystems":true},"in2DMode":false,"pivot":{"x":-0.036650657653808597,"y":1.6661815643310547,"z":-1.4288387298583985},"rotation":{"x":-0.05020817369222641,"y":0.8985195755958557,"z":-0.42279672622680666,"w":-0.1067015752196312},"size":24.802160263061525,"orthographic":false}